grupo;Z-score Geral;Z-score_Icms;Z-score_Empresas;Z-score_Empregos;_QuocienteLocacional;_EmpresasRS;;;;
COMÉRCIO VAREJISTA DE PRODUTOS NOVOS NÃO ESPECIFICADOS ANTERIORMENTE E DE PRODUTOS USADOS;2.917.754.741.263.000;63.440.295.060.772.900;22.684.430.248.560.200;1.777.156.064.656.520;12.050.975.384.161.400;122198;;;;
OUTRAS ATIVIDADES DE SERVIÇOS PESSOAIS;19.122.482.094.850.300;-0.17768213290812906;16.417.299.417.441.600;22.547.709.818.542.700;11.511.504.625.368.500;88440;;;;
OUTROS SERVIÇOS ESPECIALIZADOS PARA CONSTRUÇÃO;16.193.195.715.279.600;-0.18004103098352178;9.886.732.996.259.710;2.316.567.536.652.110;16.146.222.799.749.300;53263;;;;
RESTAURANTES E OUTROS SERVIÇOS DE ALIMENTAÇÃO E BEBIDAS;13.057.663.940.107.400;12.842.252.594.244.200;12.245.586.137.446.700;12.824.583.812.485.900;0.9605390198755351;65969;;;;
TRANSPORTE RODOVIÁRIO DE CARGA;12.506.763.988.944.200;3.827.901.173.430.690;8.785.464.553.514.410;18.218.447.311.261.100;12.118.471.574.533.600;47331;;;;
MANUTENÇÃO E REPARAÇÃO DE VEÍCULOS AUTOMOTORES;11.982.444.009.457.200;-0.14259342207082226;7.914.214.924.080.210;3.226.386.287.289.700;1.473.453.959.339.400;42638;;;;
COMÉRCIO VAREJISTA NÃO ESPECIALIZADO;1.174.962.939.680.220;10.600.446.345.575.700;7.133.747.538.156.200;3.276.036.922.028.420;11.729.582.476.198.300;38434;;;;
PUBLICIDADE;922.659.615.599.313;-0.18238140152084029;8.356.244.621.008.150;12.181.066.713.685.000;10.897.968.783.700.800;45019;;;;
OUTRAS ATIVIDADES DE ENSINO;871.449.351.593.284;-0.18076370635741193;812.863.924.157.361;45.867.778.129.094.000;1.015.867.862.541.140;43793;;;;
COMÉRCIO VAREJISTA DE EQUIPAMENTOS DE INFORMÁTICA E COMUNICAÇÃO;;;;;;;;;;
ADMINISTRAÇÃO DO ESTADO E DA POLÍTICA ECONÔMICA E SOCIAL;8.636.709.264.686.270;-0.1856769318090135;-0.14768934811361054;8.640.042.927.485.500;;;;;;
INSTALAÇÕES ELÉTRICAS; HIDRÁULICAS E OUTRAS INSTALAÇÕES EM CONSTRUÇÕES;8.063.184.227.356.690;-0.12384258177074153;5.825.295.079.547.160;3.599.550.746.261.890;13.225.883.793.593.300;31386;;;
COMÉRCIO VAREJISTA DE PRODUTOS ALIMENTÍCIOS; BEBIDAS E FUMO;7.493.287.362.487.680;1.151.805.344.571.040;7.914.957.519.119.150;55.685.841.291.360.400;0.8749144741965763;42642;;;
OBRAS DE ACABAMENTO;7.259.238.194.557.540;-0.179588013146313;4.702.305.731.912.920;15.567.951.576.640.000;15.110.362.796.491.500;25337;;;;
FABRICAÇÃO DE CALÇADOS;6.725.807.937.793.780;1.474.477.401.002.600;9.087.589.754.973.170;15.795.805.533.169.200;5.646.692.631.188.190;4903;;;;
SERVIÇOS DOMÉSTICOS;6.032.732.951.764.420;-0.1856769318090135;38.754.261.560.552.700;0.120981177349747;15.568.300.533.560.600;20883;;;;
REPRESENTANTES COMERCIAIS E AGENTES DO COMÉRCIO; EXCETO DE VEÍCULOS AUTOMOTORES E MOTOCICLETAS;572.283.500.799.807;-0.02192211832774915;3.547.756.095.123.810;7.291.549.834.066.880;15.925.950.317.177.800;19118;;;
SERVIÇOS DE ESCRITÓRIO E APOIO ADMINISTRATIVO;568.915.660.710.672;-0.1784821917470226;6.271.223.400.429.520;4.910.721.858.060.150;0.8291634520406377;33788;;;;
COMÉRCIO VAREJISTA DE MATERIAL DE CONSTRUÇÃO;5.650.278.110.807.970;27.528.749.433.617.200;45.736.511.414.168.800;979.330.017.713.958;1.015.254.377.757.780;24644;;;;
FABRICAÇÃO DE OUTROS PRODUTOS ALIMENTÍCIOS;5.211.615.487.429.190;12.964.865.531.486.800;36.576.601.608.866.600;6.641.459.052.433.180;12.397.282.735.953.100;19710;;;;
COMÉRCIO VAREJISTA DE PRODUTOS FARMACÊUTICOS; PERFUMARIA E COSMÉTICOS E ARTIGOS MÉDICOS; ÓPTICOS E ORTOPÉDICOS;4.886.689.010.108.690;16.267.491.653.106.200;4.284.410.373.750.470;11.232.617.828.887.000;0.8746033663172911;23086;;
COMÉRCIO DE PEÇAS E ACESSÓRIOS PARA VEÍCULOS AUTOMOTORES;43.212.848.339.187.900;27.638.871.839.378.100;3.159.193.240.999.420;61.260.541.024.175.600;1.165.183.726.043.020;17025;;;;
SERVIÇOS DE CATERING; BUFÊ E OUTROS SERVIÇOS DE COMIDA PREPARADA;3.962.350.735.771.790;0.18864863610303118;41.564.983.782.933.700;2.576.329.896.819.850;0.8908535316809475;22397;;;
FABRICAÇÃO DE MÓVEIS;3.690.472.931.417.850;15.520.691.585.887.700;19.500.628.688.483.500;817.488.093.148.682;14.653.189.865.467.300;10512;;;;
INCORPORAÇÃO DE EMPREENDIMENTOS IMOBILIÁRIOS;35.808.911.857.895.400;-0.18498151613996386;23.662.873.881.731.900;23.549.464.496.318.200;14.145.561.408.632.900;12754;;;;
ATIVIDADES AUXILIARES DOS TRANSPORTES TERRESTRES;3.477.730.597.010.870;-0.18171508806748066;3.125.405.166.727.730;16.561.033.053.742.000;10.603.224.991.861.700;16843;;;;
ATIVIDADES DE ASSISTÊNCIA A IDOSOS; DEFICIENTES FÍSICOS; IMUNODEPRIMIDOS E CONVALESCENTES; E DE INFRAESTRUTURA E APOIO A PACIENTES PRESTADAS EM RESIDÊNCIAS COLETIVAS E PARTICULARES;3.464.168.471.190.390;-0.18567106047683427;22.920.278.842.793.800;16.910.129.380.845.600;14.384.309.678.777.100;12354;
ATIVIDADES DE ATENÇÃO AMBULATORIAL EXECUTADAS POR MÉDICOS E ODONTÓLOGOS;3.406.246.474.454.990;-0.18131292167476895;3.299.543.703.358.730;5.057.949.439.490.780;0.8795957625196275;17781;;;;
TRANSPORTE RODOVIÁRIO DE PASSAGEIROS;3.083.990.511.358.160;0.00942180346825083;2.720.505.221.746.700;6.929.626.144.806.240;0.8788564931728946;14662;;;;
SERVIÇOS DE ARQUITETURA E ENGENHARIA E ATIVIDADES TÉCNICAS RELACIONADAS;29.974.003.558.423.400;-0.14204811676734264;23.360.266.403.364.600;2.314.832.896.517.430;11.846.344.127.991.900;12591;;;;
ATIVIDADES DE ATENDIMENTO HOSPITALAR;2.951.880.039.119.030;-0.17461348386374223;4.416.666.960.052.120;26.316.831.610.013.100;0.7289275280845697;2387;;;;
CONSTRUÇÃO DE EDIFÍCIOS;2.900.654.902.177.850;-0.16643721567340417;1.925.742.881.323.130;7.954.364.804.366.120;1.094.062.356.055.750;10381;;;;
ATIVIDADES DE MALOTE E DE ENTREGA;28.369.353.024.058.600;-0.17962052856528157;29.364.147.293.179.700;30.351.766.036.055.100;0.9563975121142894;15825;;;;
ATIVIDADES JURÍDICAS;27.945.618.679.956.700;-0.1856769318090135;2.068.506.777.558.990;3.403.970.071.077.160;118.734.038.333.892;11150;;;;
FORJARIA; ESTAMPARIA; METALURGIA DO PÓ E SERVIÇOS DE TRATAMENTO DE METAIS;2.786.755.971.818.580;0.3340638340438947;1.381.606.366.541.190;18.584.057.110.808.000;1.880.112.038.621.390;7450;;
CONFECÇÃO DE ARTIGOS DO VESTUÁRIO E ACESSÓRIOS;2.674.718.767.313.570;0.36853500229415753;28.484.172.172.038;3.645.735.539.847.640;0.8097338582899183;15351;;;;
COMÉRCIO ATACADISTA ESPECIALIZADO EM PRODUTOS ALIMENTÍCIOS; BEBIDAS E FUMO;2.574.011.861.760.150;1.095.495.252.022.930;12.936.088.544.270.200;6.672.032.084.806.850;13.893.373.734.468.000;6976;;;
ATIVIDADES DE ORGANIZAÇÃO DE EVENTOS; EXCETO CULTURAIS E ESPORTIVOS;2.568.392.817.936.580;-0.1832026341912913;2.478.047.941.533.390;31.284.135.108.443.500;1.024.572.877.149.010;13356;;;
ATIVIDADES IMOBILIÁRIAS POR CONTRATO OU COMISSÃO;2.560.990.796.637.490;-0.18543657406309602;17.543.890.760.881.500;23.018.230.955.073.600;13.296.154.682.111.000;9458;;;;
MANUTENÇÃO E REPARAÇÃO DE MÁQUINAS E EQUIPAMENTOS;25.225.601.727.667.000;-0.047014475054318154;1.777.038.224.775.760;20.977.860.496.660.900;1.301.745.612.614.790;9580;;;;
COMÉRCIO DE VEÍCULOS AUTOMOTORES;25.114.811.863.230.600;2.242.523.982.296.010;12.160.076.728.579.800;32.001.498.552.527.200;17.837.395.350.285.300;6558;;;;
ATIVIDADES DOS SERVIÇOS DE TECNOLOGIA DA INFORMAÇÃO;2.483.035.714.391.140;-0.16375895683249544;19.268.567.738.815.300;7.453.487.465.478.410;0.9026745428036462;10387;;;;
INSTALAÇÃO DE MÁQUINAS E EQUIPAMENTOS;2.468.740.612.620.800;-0.1576028626899473;14.701.608.249.345.600;5.895.164.525.652.660;16.402.049.048.603.200;7927;;;;
ATIVIDADES PAISAGÍSTICAS;2.316.554.213.535.640;-0.18431434121946882;1.342.434.478.237.200;26.904.168.768.386.500;17.069.683.662.985.800;7239;;;;
REPARAÇÃO E MANUTENÇÃO DE OBJETOS E EQUIPAMENTOS PESSOAIS E DOMÉSTICOS;22.758.259.815.766.800;-0.1626351541108088;16.543.243.945.912.300;4.416.383.810.841.320;13.499.701.160.854.800;8919;;;;
EDIÇÃO DE LIVROS; JORNAIS; REVISTAS E OUTRAS ATIVIDADES DE EDIÇÃO;22.419.548.014.573.400;-0.1770223896064105;19.990.741.414.182.700;3.108.898.809.329.250;11.068.304.028.435.500;10776;;
OUTRAS ATIVIDADES DE SERVIÇOS PRESTADOS PRINCIPALMENTE ÀS EMPRESAS;2.197.379.700.264.230;-0.15463958047313395;1.823.821.712.228.860;47.142.738.628.080.900;0.947186174067972;9832;;;;
COMÉRCIO VAREJISTA DE ARTIGOS CULTURAIS; RECREATIVOS E ESPORTIVOS;21.879.540.909.678.900;0.9794114339464541;19.871.926.207.952.600;22.469.651.012.482.300;0.9830267313099399;10712;;;
ATIVIDADES DE CONTABILIDADE; CONSULTORIA E AUDITORIA CONTÁBIL E TRIBUTÁRIA;21.781.249.974.669.700;-0.18563895219734108;13.832.772.053.788.000;45.486.157.299.465.200;12.471.251.657.196.700;7459;;;
REPARAÇÃO E MANUTENÇÃO DE EQUIPAMENTOS DE INFORMÁTICA E COMUNICAÇÃO;21.536.998.038.584.300;-0.1610621530802979;21.927.057.978.214.000;5.086.388.562.859.950;0.9597487003735486;11819;;;;
FABRICAÇÃO DE PRODUTOS DIVERSOS;20.690.804.476.079.000;0.4334780809758084;14.601.357.919.089.000;1.666.944.806.215.930;12.999.141.564.053.700;7873;;;;
FABRICAÇÃO DE ESTRUTURAS METÁLICAS E OBRAS DE CALDEIRARIA PESADA;1.962.807.871.687.040;0.36792144360239576;7.793.617.899.623.420;22.376.414.105.243.500;2.226.648.186.437.820;4206;;;;
ATIVIDADES FOTOGRÁFICAS E SIMILARES;19.470.026.323.224.800;-0.183893019500333;15.035.776.016.867.800;2.206.885.939.297.700;1.281.458.769.379.750;8107;;;;
ATIVIDADES DE SOCIEDADES DE PARTICIPAÇÃO;19.434.189.503.970.300;-0.1831875657326405;19.587.883.605.558.800;43.166.420.030.974.500;0.9710515154805168;10559;;;;
ABATE E FABRICAÇÃO DE PRODUTOS DE CARNE;19.418.879.013.219.100;1.785.030.200.054.940;25.063.412.223.837.000;1.452.257.967.431.700;18.823.439.828.395.300;1358;;;;
FABRICAÇÃO DE ARTIGOS DE CUTELARIA; DE SERRALHERIA E FERRAMENTAS;1.920.242.674.102.890;0.5777462135058237;12.223.197.306.889.500;3.345.425.966.531.840;1.292.560.837.927.510;6592;;;
FABRICAÇÃO DE PRODUTOS DE MADEIRA; CORTIÇA E MATERIAL TRANÇADO; EXCETO MÓVEIS;18.846.963.977.755.900;0.4686848257953284;9.503.442.976.778.540;17.467.382.524.110.200;17.944.398.976.702.200;5127;;
ATIVIDADES DE PROFISSIONAIS DA ÁREA DE SAÚDE; EXCETO MÉDICOS E ODONTÓLOGOS;1.871.482.435.431.490;-0.1848217644546374;17.161.454.315.828.300;7.827.119.975.648.120;10.459.832.950.543.900;9252;;;
COMÉRCIO VAREJISTA DE COMBUSTÍVEIS PARA VEÍCULOS AUTOMOTORES;18.251.355.153.957.600;0.18921702452721179;9.431.039.960.482.070;6.137.329.263.292.950;12.824.783.098.038.800;5088;;;;
ATIVIDADES IMOBILIÁRIAS DE IMÓVEIS PRÓPRIOS;1.757.307.190.335.380;-0.18504455050598517;1.593.802.898.917.770;5.019.171.257.641.250;10.722.567.542.225.300;8593;;;;
COMÉRCIO ATACADISTA ESPECIALIZADO EM OUTROS PRODUTOS;16.850.049.636.924.100;5.547.126.499.950.670;9.050.460.003.026.260;3.798.600.701.715.960;1.380.784.654.153.990;4883;;;;
ATIVIDADES PROFISSIONAIS; CIENTÍFICAS E TÉCNICAS NÃO ESPECIFICADAS ANTERIORMENTE;1.663.316.812.312.060;-0.18103549595852023;12.791.282.511.677.200;11.695.367.475.975.700;12.103.348.441.397.900;6898;;;
ATIVIDADES DE CONSULTORIA EM GESTÃO EMPRESARIAL;16.392.105.598.261.500;-0.18087816059779682;14.696.038.786.553.600;6.643.228.083.731.710;1.071.436.380.554.120;7924;;;;
ATIVIDADES DE APOIO À AGRICULTURA E À PECUÁRIA;;;;;;;;;;
COMÉRCIO ATACADISTA DE MATÉRIAS-PRIMAS AGRÍCOLAS E ANIMAIS VIVOS;15.584.216.877.113.100;1.191.295.074.199.690;53.300.588.579.460.600;2.948.410.205.707.860;2.348.318.751.738.620;2879;;;;
FABRICAÇÃO DE TRATORES E DE MÁQUINAS E EQUIPAMENTOS PARA A AGRICULTURA E PECUÁRIA;1.523.555.719.015.930;31.553.158.438.135.300;15.279.722.585.826.700;7.056.688.534.671.260;5.146.256.436.881.020;831;;;;
ATIVIDADES ARTÍSTICAS; CRIATIVAS E DE ESPETÁCULOS;1.506.092.998.976.180;-0.1847576141310319;14.460.264.861.690.700;0.9297571401424576;10.363.869.666.636.500;7797;;;
FABRICAÇÃO DE PRODUTOS DE METAL NÃO ESPECIFICADOS ANTERIORMENTE;150.060.787.737.969;17.146.875.109.255.600;55.918.236.091.717.700;4.225.539.004.863.110;18.972.470.806.196.500;3020;;;;
FABRICAÇÃO DE PRODUTOS DE MATERIAL PLÁSTICO;14.373.777.989.679.800;3.118.805.379.940.140;4.260.722.001.875.110;62.006.436.282.086.300;18.450.520.404.798.700;2303;;;;
COMÉRCIO ATACADISTA DE PRODUTOS DE CONSUMO NÃO ALIMENTAR;14.168.875.740.869.600;11.895.572.741.038.800;9.360.493.431.782.940;3.608.440.776.952.100;1.001.109.370.794.000;5050;;;;
ATIVIDADES DE LIMPEZA;140.608.551.105.063;-0.18423041809643548;54.637.259.649.549.300;8.152.113.779.719.190;10.848.209.464.776.100;2951;;;;
INTERMEDIAÇÃO MONETÁRIA - DEPÓSITOS À VISTA;13.399.136.371.769.500;-0.1856769318090135;44.853.570.011.539.000;810.419.434.599.877;11.846.347.386.807.000;2424;;;;
FABRICAÇÃO DE PARTES PARA CALÇADOS; DE QUALQUER MATERIAL;12.895.478.713.269.700;0.04361444732740983;18.491.446.129.234.200;20.132.223.431.006.300;5.882.663.178.105.240;1004;;;
ATIVIDADES ESPORTIVAS;12.631.532.491.087.400;-0.1822605336234743;10.741.720.204.207.900;2.337.166.388.251.390;0.9600503420447123;5794;;;;
DESDOBRAMENTO DE MADEIRA;12.075.869.545.993.000;0.02772397452818439;33.770.339.055.387;18.031.140.567.880.000;3.041.125.253.409.000;1827;;;;
ATIVIDADES DE SERVIÇOS DE COMPLEMENTAÇÃO DIAGNÓSTICA E TERAPÊUTICA;11.622.657.141.101.500;-0.1856769318090135;7.186.546.455.291.470;31.613.372.822.393.500;11.799.669.848.094.100;3879;;;;
FABRICAÇÃO DE BEBIDAS ALCOÓLICAS;11.397.790.824.023.600;798.774.275.955.788;23.262.619.254.411.900;13.495.056.615.702.100;39.761.261.555.890.300;1261;;;;
SERVIÇOS COLETIVOS PRESTADOS PELA ADMINISTRAÇÃO PÚBLICA;11.129.678.765.490.800;-0.1856769318090135;-0.14768934811361054;1.116.301.539.348.310;;;;;;
ATIVIDADE DE IMPRESSÃO;10.603.968.127.212.400;-0.021781736645678854;7.017.606.083.933.040;10.765.166.703.755.600;1.357.960.181.367.210;3788;;;;
ATIVIDADES DE VIGILÂNCIA; SEGURANÇA PRIVADA E TRANSPORTE DE VALORES;1.032.893.707.169.190;-0.13023328982108745;19.568.208.935.694.600;7.361.985.198.374.250;15.228.655.888.194.100;1062;;;
ATIVIDADES CINEMATOGRÁFICAS; PRODUÇÃO DE VÍDEOS E DE PROGRAMAS DE TELEVISÃO;998.545.940.290.447;-0.17115011384445775;10.897.665.162.384.900;211.581.733.222.721;0.8984486617244756;5878;;;
FABRICAÇÃO DE ARTEFATOS TÊXTEIS; EXCETO VESTUÁRIO;9.361.808.967.180.210;0.22086104055563274;698.790.228.237.552;10.413.902.076.483.700;11.875.284.341.634.000;3772;;;
ATIVIDADES AUXILIARES DOS SEGUROS; DA PREVIDÊNCIA COMPLEMENTAR E DOS PLANOS DE SAÚDE;9.022.337.778.577.430;-0.1856767345053962;7.672.946.205.795.970;8.158.869.901.404.910;10.719.504.921.948.300;4141;;;
MOAGEM; FABRICAÇÃO DE PRODUTOS AMILÁCEOS E DE ALIMENTOS PARA ANIMAIS;8.988.550.036.022.630;46.670.011.265.968.300;22.241.551.075.872.000;46.793.642.300.977.300;17.276.158.844.126.600;1206;;;
COMÉRCIO ATACADISTA DE MÁQUINAS; APARELHOS E EQUIPAMENTOS; EXCETO DE TECNOLOGIAS DE INFORMAÇÃO E COMUNICAÇÃO;898.242.445.719.838;16.228.228.035.097.000;4.956.904.850.879.640;19.206.359.259.123.000;13.918.980.610.876.000;2678;;
EDUCAÇÃO INFANTIL E ENSINO FUNDAMENTAL;8.972.857.742.176.080;-0.1855221010867342;4.453.796.711.999.030;6.399.910.413.679.540;0.5818630050229766;2407;;;;
EDUCAÇÃO SUPERIOR;867.058.828.207.538;-0.1786601258587532;8.095.115.584.100.000;8.175.965.081.570.990;0.6330844912169826;444;;;;
FABRICAÇÃO DE MÁQUINAS E EQUIPAMENTOS DE USO INDUSTRIAL ESPECÍFICO;8.532.062.750.960.470;0.5096566446391593;19.661.033.315.561.800;26.895.151.656.074.600;29.457.159.386.963.600;1067;;;;
AGÊNCIAS DE VIAGENS E OPERADORES TURÍSTICOS;8.375.197.275.335.080;-0.17681778028088097;8.614.185.417.650.090;5.307.555.180.031.150;0.9126949507321851;4648;;;;
SERVIÇOS COMBINADOS PARA APOIO A EDIFÍCIOS;8.262.517.038.576.630;-0.18558564497656616;362.765.973.118.033;7.880.642.598.642.390;0.11038328677579948;1962;;;;
FABRICAÇÃO DE ARTIGOS PARA VIAGEM E DE ARTEFATOS DIVERSOS DE COURO;8.127.063.864.495.150;-0.07264189656967635;31.821.027.078.174.300;9.455.513.402.075.260;22.591.278.076.235.600;1722;;;;
HOTÉIS E SIMILARES;8.048.544.031.601.700;-0.14076795425427452;4.860.367.495.817.680;3.141.388.920.690.570;10.125.225.943.452.300;2626;;;;
ARMAZENAMENTO; CARGA E DESCARGA;80.256.781.642.391;-0.09263813919974818;5.636.379.311.508.060;17.656.024.638.756.300;11.122.990.785.029.300;3044;;;
DEMOLIÇÃO E PREPARAÇÃO DO TERRENO;7.707.325.939.235.650;-0.1821334293302079;3.909.845.845.976.830;11.222.678.039.276.400;16.888.828.200.313.000;2114;;;;
PRODUÇÃO DE LAVOURAS TEMPORÁRIAS;7.489.896.231.595.750;0.8053007534658213;37.446.184.498.130.900;696.822.188.780.279;0.11780753482865665;2025;;;;
ATIVIDADES VETERINÁRIAS;7.329.547.217.471.470;-0.18172735093293793;4.544.764.604.268.960;2.761.970.782.394.040;15.559.712.086.480.700;2456;;;;
FABRICAÇÃO DE MÁQUINAS E EQUIPAMENTOS DE USO GERAL;7.222.407.784.324.500;0.9362465274401918;1.826.866.761.755.280;30.366.600.225.595.100;22.399.680.122.753.900;992;;;;
COMÉRCIO; MANUTENÇÃO E REPARAÇÃO DE MOTOCICLETAS; PEÇAS E ACESSÓRIOS;7.216.951.456.345.610;-0.06135890887584417;9.260.243.101.526.290;60.426.089.371.001.200;0.714757310467611;4996;;
FABRICAÇÃO DE ARTEFATOS DE CONCRETO; CIMENTO; FIBROCIMENTO; GESSO E MATERIAIS SEMELHANTES;7.168.865.873.981.890;0.4597095659520003;4.110.346.506.490.130;18.107.031.073.772.000;12.923.951.305.861.100;2222;
FABRICAÇÃO DE PEÇAS E ACESSÓRIOS PARA VEÍCULOS AUTOMOTORES;7.140.396.885.758.660;31.851.624.142.967.300;9.598.870.537.949.780;4.867.789.514.726.920;2.035.751.104.128.800;525;;;;
CURTIMENTO E OUTRAS PREPARAÇÕES DE COURO;61.776.823.870.968.200;-0.09815006010555861;6.090.108.978.966.960;18.857.262.932.019.400;7.063.537.146.481.600;336;;;;
GERAÇÃO; TRANSMISSÃO E DISTRIBUIÇÃO DE ENERGIA ELÉTRICA;5.976.785.095.133.470;13.635.590.208.731.000;23.745.306.029.721.700;22.441.463.110.293.800;0.9977044558893542;1287;;;
TRATAMENTO DE DADOS; HOSPEDAGEM NA INTERNET E OUTRAS ATIVIDADES RELACIONADAS;5.916.871.349.966.630;-0.1521609196901858;4.372.111.257.715.830;18.226.287.583.031.000;0.9399254596689943;2363;;;
EXTRAÇÃO DE PEDRA; AREIA E ARGILA;57.323.890.283.264.900;0.18573585999283118;2.883.208.204.644.820;10.797.691.206.280.800;16.072.534.457.392.600;1561;;;
RECUPERAÇÃO DE MATERIAIS;5.728.211.908.317.660;-0.10476712738888229;394.697.559.792.374;4.702.599.433.062.870;13.348.014.313.849.900;2134;;;;
FABRICAÇÃO DE ARTIGOS DE JOALHERIA; BIJUTERIA E SEMELHANTES;5.538.390.265.052.860;-0.11892583905754456;3.735.336.011.826.360;7.501.874.950.396.360;12.850.504.850.759.100;2020;;;
ALUGUEL DE OBJETOS PESSOAIS E DOMÉSTICOS;55.057.976.042.520.800;-0.18367656544280897;52.576.558.416.495.900;16.539.693.963.697.100;10.192.314.755.006.900;2840;;;;
PECUÁRIA;54.067.149.509.547.100;0.02521378651833587;35.441.177.892.997.800;50.039.587.652.989.900;0.11292931860567781;1917;;;;
COMÉRCIO ATACADISTA DE MADEIRA; FERRAGENS; FERRAMENTAS; MATERIAL ELÉTRICO E MATERIAL DE CONSTRUÇÃO;5.296.440.616.299.850;18.430.703.596.374.300;3.506.988.037.352.870;13.763.925.836.576.900;10.652.277.558.090.000;1897;
ATIVIDADES DE RECREAÇÃO E LAZER;52.416.016.970.180.300;-0.1835089144191932;37.947.436.149.414.100;5.530.890.097.370.690;12.403.640.552.131.300;2052;;;;
ATIVIDADES DE MONITORAMENTO DE SISTEMAS DE SEGURANÇA;5.124.465.349.975.390;-0.18385343236863608;26.567.167.177.686.800;13.308.582.801.224.400;1.434.850.914.888.440;1439;;;;
SERVIÇOS DE PRÉ-IMPRESSÃO E ACABAMENTOS GRÁFICOS;4.948.281.346.749.650;-0.14534655593789958;4.247.726.588.693.690;16.734.840.978.848.100;1.128.949.213.755.700;2296;;;;
FABRICAÇÃO DE ARTIGOS DE MALHARIA E TRICOTAGEM;4.900.321.706.035.070;-0.027465227139861506;23.949.519.665.429.700;5.318.396.680.872.870;18.251.842.298.831.000;1298;;;;
ALUGUEL DE MÁQUINAS E EQUIPAMENTOS SEM OPERADOR;4.843.829.767.591.110;-0.16465740611270094;5.693.930.427.025.760;9.318.910.491.469.520;0.6899284263133223;3075;;;;
CONSTRUÇÃO DE RODOVIAS; FERROVIAS; OBRAS URBANAS E OBRAS-DE-ARTE ESPECIAIS;465.950.847.750.556;-0.15120279282953267;2.162.891.016.874.800;166.304.186.591.291;13.923.895.690.440.700;1173;;
OUTRAS ATIVIDADES DE TELECOMUNICAÇÕES;4.528.642.747.927.360;0.272682310827956;38.485.817.552.644.300;9.464.186.602.748.640;0.9237054277739898;2081;;;;
APARELHAMENTO DE PEDRAS E FABRICAÇÃO DE OUTROS PRODUTOS DE MINERAIS NÃO METÁLICOS;4.458.722.323.132.480;0.18212608666289343;3.245.223.286.127.170;9.136.773.277.328.540;10.867.764.944.896.000;1756;;;;
COMÉRCIO ATACADISTA NÃO ESPECIALIZADO;42.379.970.724.194.600;0.7372580055483424;22.482.894.463.526.900;18.005.120.965.859.800;10.513.589.249.432.500;1219;;;;
ATIVIDADES AUXILIARES DOS SERVIÇOS FINANCEIROS;39.747.088.595.681.600;-0.18556924859806395;3.228.514.897.751.060;4.683.084.731.547.770;10.918.200.543.936.200;1747;;;;
OBRAS DE INFRAESTRUTURA PARA ENERGIA ELÉTRICA; TELECOMUNICAÇÕES; ÁGUA; ESGOTO E TRANSPORTE POR DUTOS;3.697.674.685.003.200;-0.16709538529667256;1.349.749.449.237.510;2.166.521.165.002.630;1.146.778.062.702.400;735;
ATIVIDADES DE ASSOCIAÇÕES DE DEFESA DE DIREITOS SOCIAIS;3.675.600.253.471.640;-0.18463886463478346;-0.14768934811361054;3.708.833.074.746.480;;;;;;
CONSTRUÇÃO DE OUTRAS OBRAS DE INFRAESTRUTURA;3.669.017.074.394.520;-0.17149131703883838;2.162.891.016.874.800;1.427.347.637.613.800;1.044.351.541.923;1173;;;;
OUTROS TIPOS DE ALOJAMENTO NÃO ESPECIFICADOS ANTERIORMENTE;3.627.453.811.168.610;-0.18429404170398672;3.427.159.070.667.020;2.046.431.726.840.160;10.041.086.426.680.600;1854;;;;
LATICÍNIOS;3.617.827.892.007.400;14.070.178.016.386.400;13.980.181.267.684.900;22.820.915.639.754.200;0.8548061895523641;761;;;;
FABRICAÇÃO DE PRODUTOS DE BORRACHA;3.499.160.816.017.390;1.292.696.223.527.910;8.911.970.126.931.980;2.197.744.687.426.800;1.315.249.590.767.330;488;;;;
ATIVIDADES DE TELEATENDIMENTO;3.412.040.808.283.590;-0.18562142497639111;5.124.735.428.347.340;29.408.211.551.186.500;0.9557211343113566;284;;;;
FABRICAÇÃO DE CABINES; CARROCERIAS E REBOQUES PARA VEÍCULOS AUTOMOTORES;3.358.808.798.607.410;0.051833195334925294;6.795.574.265.958.210;17.302.591.711.316.000;23.888.581.662.250.500;374;;;
COLETA DE RESÍDUOS;3.048.013.043.767.580;-0.1831334316101885;21.071.963.889.544.400;11.465.527.658.131.100;0.9110558613229459;1143;;;;
ENSINO MÉDIO;30.202.476.719.056.400;-0.18551210289219378;20.800.957.687.008.700;29.703.100.374.081.500;0.32925813232861123;120;;;;
ACABAMENTOS EM FIOS; TECIDOS E ARTEFATOS TÊXTEIS;30.075.694.525.389.800;-0.13319302084424556;30.707.134.519.767.000;2.013.907.224.314.990;0.9181898852779364;1662;;;
EDIÇÃO INTEGRADA À IMPRESSÃO DE LIVROS; JORNAIS; REVISTAS E OUTRAS PUBLICAÇÕES;29.456.173.793.378.200;-0.1491675772877688;13.070.502.344.985.600;6.172.706.947.200.830;17.927.875.918.598.300;712;;
TELECOMUNICAÇÕES POR FIO;29.417.966.482.288.100;28.899.139.821.979.900;1.813.871.348.573.860;123.870.552.296.778;0.7796031003814337;985;;;;
FABRICAÇÃO DE PRODUTOS DERIVADOS DO PETRÓLEO;28.743.544.478.269.500;26.145.331.857.483.500;0.2236081713554711;2.458.408.758.825.730;0.625218037036498;20;;;;
ATIVIDADES RELACIONADAS À ORGANIZAÇÃO DO TRANSPORTE DE CARGA;26.867.085.851.521.600;-0.06729378168743094;15.521.065.973.481.600;6.291.963.456.459.810;13.299.612.418.385.100;844;;;;
PRODUÇÃO FLORESTAL - FLORESTAS PLANTADAS;26.649.827.220.010.700;-0.11182026140959817;20.199.414.718.792.000;11.426.498.255.100.900;0.7591878002312978;1096;;;;
FABRICAÇÃO DE EMBALAGENS DE PAPEL; CARTOLINA; PAPEL-CARTÃO E PAPELÃO ONDULADO;2.536.291.574.890.990;0.6920418430012582;7.890.901.948.392.000;1.428.214.957.681.130;13.165.445.974.416.400;433;;
FABRICAÇÃO DE PRODUTOS DIVERSOS DE PAPEL; CARTOLINA; PAPEL-CARTÃO E PAPELÃO ONDULADO;24.592.143.126.183.300;0.4670956936445378;20.236.544.470.738.900;6.096.816.441.308.750;0.8908749721227359;1098;;
FABRICAÇÃO DE PRODUTOS CERÂMICOS;24.545.191.439.096.900;0.34016862603370557;16.839.172.167.596.800;7.044.363.614.875.550;10.190.916.172.951.400;915;;;;
ATIVIDADES DE RÁDIO;2.450.986.514.374.320;-0.18312618666298394;10.972.671.359.985.300;9.342.761.793.321.320;1.398.950.996.843.240;599;;;;
LOCAÇÃO DE MÃO DE OBRA TEMPORÁRIA;24.126.824.853.329.100;-0.18544671513422978;3.806.629.234.232.100;217.541.119.569.285;0.6720275220213116;213;;;;
FABRICAÇÃO DE INSTRUMENTOS E MATERIAIS PARA USO MÉDICO E ODONTOLÓGICO E DE ARTIGOS ÓPTICOS;2.349.588.329.474.190;0.0771451797167116;12.717.769.701.490.000;6.860.058.100.566.220;13.020.113.119.770.400;693;;;;
PROCESSAMENTO INDUSTRIAL DO FUMO;2.303.580.233.837.240;-0.0842139243809295;0.650600318744915;8.011.425.489.957.450;23.222.538.227.374.600;43;;;;
ATIVIDADES DE ATENÇÃO À SAÚDE HUMANA NÃO ESPECIFICADAS ANTERIORMENTE;21.715.939.631.827.300;-0.18536291172350355;14.797.035.810.516.900;71.397.688.222.827.300;0.9976007296526539;805;;;;
LOCAÇÃO DE MEIOS DE TRANSPORTE SEM CONDUTOR;2.165.130.512.698.120;-0.1836171150261913;24.395.076.688.792.600;4.054.277.682.727.700;0.7288620071216381;1322;;;;
FABRICAÇÃO DE SABÕES; DETERGENTES; PRODUTOS DE LIMPEZA; COSMÉTICOS; PRODUTOS DE PERFUMARIA E DE HIGIENE PESSOAL;2.143.936.180.883.670;0.6185099660711109;985.877.880.157.814;7.547.409.253.931.600;1.346.357.683.439.380;539
FABRICAÇÃO DE CONSERVAS DE FRUTAS; LEGUMES E OUTROS VEGETAIS;2.127.268.523.831.550;0.37889331095406703;13.794.532.507.950.400;10.053.964.248.538.500;0.7858060918393218;751;;;
FABRICAÇÃO DE MÁQUINAS-FERRAMENTA;2.065.540.332.982.280;0.09237027427538948;39.551.482.420.197.400;1.094.947.221.806.500;2.430.644.883.381.950;221;;;;
FABRICAÇÃO DE EQUIPAMENTOS PARA DISTRIBUIÇÃO E CONTROLE DE ENERGIA ELÉTRICA;19.965.943.309.872.500;0.16758262321327347;5.458.903.195.869.520;9.013.180.167.732.870;1.975.704.666.660.320;302;;;;
ATIVIDADES DE ORGANIZAÇÕES ASSOCIATIVAS NÃO ESPECIFICADAS ANTERIORMENTE;19.598.458.733.132.700;-0.18442343410391265;-0.14768934811361054;19.930.571.515.350.200;;;;;;
CAPTAÇÃO; TRATAMENTO E DISTRIBUIÇÃO DE ÁGUA;19.520.780.125.703.100;-0.18262050188034812;10.775.924.661.343.500;195.554.555.862.266;0.13729220090748334;66;;;
PRODUÇÃO DE LAVOURAS PERMANENTES;1.901.090.612.400.410;-0.16657351817896804;5.588.857.327.683.700;18.943.994.938.753.200;0.04177682301412419;309;;;;
FABRICAÇÃO DE MOTORES; BOMBAS; COMPRESSORES E EQUIPAMENTOS DE TRANSMISSÃO;1.818.446.025.982.250;0.6693603397628349;3.639.545.350.471.020;11.040.540.825.135.500;17.789.472.231.981.600;204;;
FUNDIÇÃO;17.719.462.149.967.600;0.18062486845255873;3.435.331.714.763.020;11.469.864.258.467.800;17.666.337.713.375.200;193;;;;
ATIVIDADES DE SERVIÇOS FINANCEIROS NÃO ESPECIFICADAS ANTERIORMENTE;1.740.769.243.636.890;-0.1856769318090135;1.617.083.663.255.250;26.535.557.739.767.800;0.9238738807197369;879;;;;
FABRICAÇÃO DE COMPONENTES ELETRÔNICOS;17.354.580.840.753.200;0.09580752217345051;358.385.072.255.066;8.718.291.344.837.940;23.830.462.357.158.300;201;;;;
FABRICAÇÃO DE PRODUTOS QUÍMICOS INORGÂNICOS;1.688.236.252.801.940;14.994.368.943.509.800;3.769.499.482.285.200;10.752.156.902.745.600;12.284.837.158.580.800;211;;;;
GESTÃO DE ATIVOS INTANGÍVEIS NÃO FINANCEIROS;16.761.519.454.057.400;-0.18553149049487822;11.622.442.019.056.200;2.230.737.241.149.490;12.661.980.743.181.000;634;;;;
SERVIÇOS DE ASSISTÊNCIA SOCIAL SEM ALOJAMENTO;16.480.091.527.372.200;-0.1855148097204718;2.488.523.040.116.860;1.624.879.782.950.030;0.16749232411074913;142;;;;
FABRICAÇÃO DE BEBIDAS NÃO ALCOÓLICAS;16.126.451.715.178.300;4.745.969.753.971.480;3.323.942.458.922.300;7.944.208.184.738.750;10.337.946.035.269.700;187;;;;
ATIVIDADES DE CORREIO;15.247.392.437.242.200;-0.17865604835622842;25.813.474.199.841.300;14.809.046.517.719.200;0.23902321830163498;147;;;;
DESIGN E DECORAÇÃO DE INTERIORES;14.884.014.233.113.500;-0.18443304465860139;13.386.105.236.534.400;0.24023768660872577;11.077.314.371.242.900;729;;;;
FABRICAÇÃO DE APARELHOS E INSTRUMENTOS DE MEDIDA;" TESTE E CONTROLE; CRONÔMETROS E RELÓGIOS";14.836.546.090.248.800;0.011840523041267707;40.294.077.459.135.500;510.590.326.437.506;24.119.679.406.207.800;225;;;
PLANOS DE SAÚDE;14.774.764.467.019.600;-0.1856734145926609;2.692.736.675.824.860;12.638.578.049.205.800;0.8622676896897927;153;;;;
SELEÇÃO E AGENCIAMENTO DE MÃO DE OBRA;14.626.085.519.082.200;-0.1856769318090135;7.853.772.196.445.090;511.457.646.504.844;12.347.169.924.577.200;431;;;;
FABRICAÇÃO DE PRODUTOS E PREPARADOS QUÍMICOS DIVERSOS;13.949.361.111.360.100;0.6295373184484006;5.254.689.560.161.520;6.031.767.436.258.400;1.386.962.307.327.870;291;;;;
FABRICAÇÃO DE CAMINHÕES E ÔNIBUS;13.680.250.863.265.300;0.03269036884824224;0.205043295382017;12.788.190.760.821.600;4.191.162.320.105.930;19;;;;
FABRICAÇÃO DE ÓLEOS E GORDURAS VEGETAIS E ANIMAIS;13.356.984.104.492.800;0.10627158548175614;21.357.903.966.212.400;815.236.500.089.988;23.871.010.592.503.100;123;;;;
FABRICAÇÃO DE EQUIPAMENTOS E APARELHOS ELÉTRICOS NÃO ESPECIFICADOS ANTERIORMENTE;13.239.692.365.011.400;0.05599216647327719;408.510.237.383.392;4.572.501.422.962.170;21.079.517.690.261.200;228;;;;
OUTRAS ATIVIDADES DE PRESTAÇÃO DE SERVIÇOS DE INFORMAÇÃO;13.015.992.773.294.500;-0.1844554642491827;1.572.527.960.918.960;11.075.577.539.467.500;0.7690095682960119;855;;;;
EDUCAÇÃO PROFISSIONAL DE NÍVEL TÉCNICO E TECNOLÓGICO;12.608.709.505.471.800;-0.18561599453477615;5.217.559.808.214.610;9.607.294.413.859.420;0.6108278971962045;289;;;;
ATIVIDADES DE ORGANIZAÇÕES SINDICAIS;11.978.422.494.257.000;-0.17637968074164748;-0.14768934811361054;12.302.491.523.112.300;;;;;;
FABRICAÇÃO DE VIDRO E DE PRODUTOS DO VIDRO;1.141.692.139.174.300;0.22846196289223955;4.307.880.885.515.360;5.528.721.797.202.340;13.138.101.498.299.200;240;;;;
SERVIÇOS DE RESERVAS E OUTROS SERVIÇOS DE TURISMO NÃO ESPECIFICADOS ANTERIORMENTE;11.384.716.093.006.900;-0.18554498328439806;10.879.846.980.118.100;0.23590108627203565;10.417.756.803.686.400;594;;;;
ATIVIDADES AUXILIARES DOS TRANSPORTES AQUAVIÁRIOS;11.241.427.671.570.900;-0.18522093197714273;4.549.224.273.170.270;6.328.824.559.321.670;11.205.919.379.028.100;253;;;;
TESTES E ANÁLISES TÉCNICAS;10.728.703.270.631.700;-0.1695478415261132;640.571.187.051.568;3.590.261.446.701.850;11.408.551.950.476.200;353;;;;
ATIVIDADES DE ORGANIZAÇÕES ASSOCIATIVAS PATRONAIS; EMPRESARIAIS E PROFISSIONAIS;982.034.794.281.122;-0.18566876535754906;-0.14768934811361054;1.015.370.605.628.230;;;;;
FABRICAÇÃO DE EQUIPAMENTO BÉLICO PESADO; ARMAS E MUNIÇÕES;9.486.913.140.768.310;-0.002974461086575572;0.09365403954129252;9.136.773.277.328.540;3.770.412.106.683.990;13;;;
COMÉRCIO ATACADISTA DE EQUIPAMENTOS E PRODUTOS DE TECNOLOGIAS DE INFORMAÇÃO E COMUNICAÇÃO;9.472.065.700.370.140;0.04948524862825543;7.519.604.428.922.920;2.770.643.983.067.420;0.8846125526349351;413;;;;
TELECOMUNICAÇÕES SEM FIO;9.275.648.318.508.420;14.471.049.259.020.400;30.269.044.433.470.300;40.824.655.849.161.800;1.237.593.679.550.680;171;;;;
METALURGIA DOS METAIS NÃO FERROSOS;8.581.368.714.305.950;-0.1298410894553234;30.454.693.193.204.900;1.885.977.514.382.630;22.411.101.783.489.600;172;;;;
FABRICAÇÃO DE AUTOMÓVEIS; CAMIONETAS E UTILITÁRIOS;8.437.898.936.205.810;2.769.669.187.526.390;0.11221891551474661;5.535.226.697.707.380;11.852.106.248.037.800;14;;;
SIDERURGIA;8.420.650.721.480.800;0.8349488632484692;0.9847680862670884;6.448.081.068.580.650;1.155.216.954.647.660;61;;;;
FABRICAÇÃO DE ELETRODOMÉSTICOS;8.273.329.940.945.370;-0.06432686344681275;1.578.844.117.417.610;4.687.421.331.884.460;23.119.669.840.985.300;93;;;;
ATIVIDADES DE APOIO À PRODUÇÃO FLORESTAL;78.481.418.444.561.600;-0.18565850511702114;4.846.262.288.745.530;3.245.501.719.934.990;0.9880395125864422;269;;;;
FORNECIMENTO E GESTÃO DE RECURSOS HUMANOS PARA TERCEIROS;7.794.807.229.823.670;-0.1856769318090135;13.931.953.576.830.700;6.868.731.301.239.600;0.7979877726853498;83;;;;
PESQUISA E DESENVOLVIMENTO EXPERIMENTAL EM CIÊNCIAS FÍSICAS E NATURAIS;7.621.368.575.764.600;-0.18401912175725074;4.957.651.544.586.260;2.887.732.192.158.050;0.9919324626059823;275;;;;
FABRICAÇÃO DE PRODUTOS QUÍMICOS ORGÂNICOS;7.538.038.940.813.200;16.439.045.543.602.700;1.151.851.970.028.170;4.026.089.780.539.210;1.621.774.893.407.540;70;;;;
ESGOTO E ATIVIDADES RELACIONADAS;7.235.652.863.183.880;-0.1856481605440138;5.328.949.064.055.340;14.132.880.776.834.000;11.274.292.311.348.100;295;;;;
ATIVIDADES DE ASSISTÊNCIA PSICOSSOCIAL E À SAÚDE A PORTADORES DE DISTÚRBIOS PSÍQUICOS; DEFICIÊNCIA MENTAL E DEPENDÊNCIA QUÍMICA;7.173.157.591.015.720;-0.1856769318090135;4.790.567.660.825.170;27.207.730.791.954.800;0.9681653140100619;266;;;
FABRICAÇÃO DE TINTAS; VERNIZES; ESMALTES; LACAS E PRODUTOS AFINS;70.612.997.589.182;0.9422548206331628;2.432.828.412.196.500;3.431.975.534.412.660;1.104.504.284.149.780;139;
RECONDICIONAMENTO E RECUPERAÇÃO DE MOTORES PARA VEÍCULOS AUTOMOTORES;6.688.521.381.498.230;-0.1829387861399548;5.978.719.723.126.230;10.576.868.500.748.100;0.9724110824387978;330;;;;
SEGUROS DE VIDA E NÃO VIDA;6.607.463.244.410.660;-0.1856769318090135;32.868.127.069.753.900;28.118.416.862.659.700;12.112.946.020.637.000;185;;;;
PRODUÇÃO DE SEMENTES E MUDAS CERTIFICADAS;65.767.801.704.188.800;-0.0873006403017461;2.729.866.427.771.770;510.590.326.437.506;0.5707889332949594;155;;;;
ATIVIDADES DE ASSISTÊNCIA SOCIAL PRESTADAS EM RESIDÊNCIAS COLETIVAS E PARTICULARES;6.440.952.891.159.460;-0.1856769318090135;0.669165194718369;6.521.803.274.304.380;0.15665272116881745;44;;;;
SERVIÇOS MÓVEIS DE ATENDIMENTO A URGÊNCIAS E DE REMOÇÃO DE PACIENTES;6.240.149.664.994.670;-0.1856769318090135;25.999.122.959.575.900;26.188.629.712.832.600;14.642.661.721.472.500;148;;;;
INTERMEDIAÇÃO NÃO MONETÁRIA - OUTROS INSTRUMENTOS DE CAPTAÇÃO;62.063.583.736.223;-0.1856769318090135;1.727.363.125.205.250;3.967.545.675.993.890;1.403.578.433.544.090;101;;;;
FABRICAÇÃO DE CELULOSE E OUTRAS PASTAS PARA A FABRICAÇÃO DE PAPEL;6.091.480.917.894.570;-0.015975629712464978;0.6320354427714608;2.584.170.168.589.740;5.574.507.599.712.700;42;;;;
FABRICAÇÃO DE RESINAS E ELASTÔMEROS;5.826.936.101.817.250;1.961.922.657.133.000;0.5763408148510987;30.980.573.084.875.200;13.307.336.847.119.900;39;;;;
FABRICAÇÃO DE GERADORES; TRANSFORMADORES E MOTORES ELÉTRICOS;5.821.431.924.454.890;0.07892672528683925;2.005.836.264.807.060;27.749.805.834.041.100;14.794.450.912.220.300;116;;;
FABRICAÇÃO DE ARTEFATOS PARA PESCA E ESPORTE;5.615.983.232.813.760;-0.1476638852493004;28.041.259.316.655.800;10.294.989.478.863.300;16.882.794.444.844.100;159;;;;
FABRICAÇÃO DE LÂMPADAS E OUTROS EQUIPAMENTOS DE ILUMINAÇÃO;5.570.744.769.480.450;-0.13346687758643971;2.934.080.063.479.760;0.8516983340820351;16.538.448.876.646.700;166;;;;
FABRICAÇÃO DE TANQUES; RESERVATÓRIOS METÁLICOS E CALDEIRAS;54.617.648.235.295.200;-0.10496562052848875;16.902.333.732.583.400;2.109.312.431.722.170;20.455.270.065.285.700;99;;;
FABRICAÇÃO DE PRODUTOS DO FUMO;5.298.732.434.927.370;-0.120517549592456;15.231.494.894.972.500;2.352.162.050.576.820;20.136.486.635.696.900;90;;;;
FABRICAÇÃO DE EQUIPAMENTOS DE TRANSPORTE NÃO ESPECIFICADOS ANTERIORMENTE;5.233.937.925.318.670;-0.0662766912673548;20.986.606.446.743.300;19.748.778.212.847.800;15.845.042.902.671.200;121;;;;
FABRICAÇÃO DE BRINQUEDOS E JOGOS RECREATIVOS;5.210.002.053.885.990;-0.16111058955747434;408.510.237.383.392;0.5915023138806269;11.700.099.268.447.700;228;;;;
FABRICAÇÃO DE PRODUTOS FARMACÊUTICOS;5.187.031.463.775.400;0.08429542557348166;1.096.157.342.107.810;3.991.396.977.845.690;10.138.499.444.059.900;67;;;;
HORTICULTURA E FLORICULTURA;5.109.321.416.002.050;-0.18147104710957382;5.310.384.188.081.880;48.261.925.426.585.400;0.08748894693829938;294;;;;
ATIVIDADES DE APOIO À GESTÃO DE SAÚDE;5.074.291.739.986.140;-0.1856769318090135;6.015.849.475.073.140;15.954.252.918.243.900;0.6091481170123874;332;;;;
ATIVIDADES DE APOIO À EDUCAÇÃO;4.636.160.286.445.710;-0.18566687706104001;9.116.183.762.639.970;23.803.499.527.653.000;0.2678179021299603;499;;;;
FABRICAÇÃO DE TECIDOS DE MALHA;42.669.362.540.044.400;-0.153096401877594;15.045.846.135.238.000;25.689.920.674.113.200;12.302.668.602.568.500;89;;;;
TRANSPORTE FERROVIÁRIO E METROFERROVIÁRIO;41.849.369.541.070.100;-0.17293802190202023;0.1864784194085629;4.184.375.692.828.400;0.930398722441442;18;;;;
TRANSPORTE AÉREO DE PASSAGEIROS;404.945.570.689.511;-0.16651765370243488;13.560.656.057.361.700;33.105.507.249.853.400;0.6676835042362663;81;;;;
ATIVIDADES DE TELEVISÃO;403.989.969.230.395;-0.182425823473395;1.560.279.241.444.160;3.119.740.310.170.970;0.7066588956127087;92;;;;
;39.920.467.261.206.900;-0.1856769318090135;7.034.314.472.309.150;-0.06549263712792891;0.06032167472411441;3797;;;;
FABRICAÇÃO DE EQUIPAMENTOS DE INFORMÁTICA E PERIFÉRICOS;38.393.132.623.807.800;-0.035964080862955015;1.096.157.342.107.810;25.516.456.660.645.600;12.075.197.841.889.600;67;;;;
TRATAMENTO E DISPOSIÇÃO DE RESÍDUOS;3.744.885.455.068.150;-0.18141119647562096;16.531.036.213.114.300;16.799.889.983.898.500;1.358.842.618.330.170;97;;;;
FABRICAÇÃO DE BIOCOMBUSTÍVEIS;36.903.213.484.567.600;0.7760538186715815;0.7062949466652771;22.394.104.418.228.700;0.9554890505002076;46;;;;
PRESERVAÇÃO DO PESCADO E FABRICAÇÃO DE PRODUTOS DO PESCADO;3.246.940.797.911.220;-0.15016957744219034;1.151.851.970.028.170;2.319.637.548.051.640;0.9354264743545215;70;;;;
FABRICAÇÃO DE PAPEL; CARTOLINA E PAPEL-CARTÃO;30.979.955.622.672.100;0.2989195657020895;0.7434246986121854;19.445.216.189.279.400;11.494.834.369.001.300;48;;;
ATIVIDADES AUXILIARES DOS TRANSPORTES AÉREOS;3.087.478.322.745.420;-0.18567595126296949;23.214.391.563.557.800;18.122.553.086.589.000;0.6293074541065403;133;;;;
FABRICAÇÃO DE APARELHOS DE RECEPÇÃO; REPRODUÇÃO; GRAVAÇÃO E AMPLIFICAÇÃO DE ÁUDIO E VÍDEO;2.948.262.639.903.780;0.05393943018027608;0.7619895745856394;17.363.648.027.668.200;1.519.651.246.654.350;49;;
CONSTRUÇÃO DE EMBARCAÇÕES;2.924.954.994.676.200;-0.16418411350779236;1.151.851.970.028.170;17.060.086.004.099.900;1.200.788.420.529.570;70;;;;
FABRICAÇÃO DE DEFENSIVOS AGRÍCOLAS E DESINFESTANTES DOMISSANITÁRIOS;29.118.505.093.982.400;-0.1086437001354792;0.8176842025060017;1.666.979.197.379.780;16.553.028.761.051.600;52;;;;
ATIVIDADES DE EXPLORAÇÃO DE JOGOS DE AZAR E APOSTAS;27.262.189.072.936.100;-0.1856769318090135;16.345.387.453.379.800;0.010397868764148496;17.751.172.791.798.900;96;;;;
ATIVIDADES DE GRAVAÇÃO DE SOM E DE EDIÇÃO DE MÚSICA;27.127.095.460.765.500;-0.1855710226566382;3.323.942.458.922.300;0.1144762768447118;0.8375007468664338;187;;;;
PREPARAÇÃO E FIAÇÃO DE FIBRAS TÊXTEIS;26.249.199.440.004.300;-0.13467651023195207;0.7991193265325476;23.456.571.500.717.800;0.5179943600622424;51;;;;
TRANSPORTE POR NAVEGAÇÃO INTERIOR;2.608.343.894.745.240;-0.17981560479170433;16.345.387.453.379.800;17.233.550.017.567.500;0.6514403533212176;96;;;;
TECELAGEM; EXCETO MALHA;2.602.960.660.410.490;-0.14704258167798576;14.488.899.856.034.400;18.035.821.079.855.200;0.6532042760367253;86;;;
PESQUISAS DE MERCADO E DE OPINIÃO PÚBLICA;22.921.434.574.799.500;-0.1856769318090135;25.627.825.440.106.800;0.12531777768643715;0.9179485856497728;146;;;;
FABRICAÇÃO DE MÁQUINAS E EQUIPAMENTOS DE USO NA EXTRAÇÃO MINERAL E NA CONSTRUÇÃO;21.178.669.487.376.700;0.1216275791143026;0.6134705667980068;13.330.609.714.546.400;10.810.272.473.709.300;41;;;;
EXTRAÇÃO DE CARVÃO MINERAL;16.961.338.920.492.500;-0.1117462154115157;0.24217304732892517;11.856.165.600.071.700;25.694.995.967.425.700;21;;;;
FABRICAÇÃO DE EQUIPAMENTOS DE COMUNICAÇÃO;16.724.130.172.224.200;-0.02829311651132756;0.5020813109572823;11.075.577.539.467.500;11.813.791.249.391.100;35;;;;
FABRICAÇÃO DE CIMENTO;15.140.746.404.546.600;0.6754101992314471;0.03795941162093028;0.8083323307151338;0.7990669299879732;10;;;;
FABRICAÇÃO E REFINO DE AÇÚCAR;14.741.160.299.435.600;-0.17805650469100895;13.375.007.297.627.100;0.051595571962704805;11.966.924.032.675.600;80;;;;
PRODUÇÃO DE TUBOS DE AÇO; EXCETO TUBOS SEM COSTURA;1.465.470.725.699.070;-0.09489721974187737;0.14934866746165476;1.447.980.880.376.920;0.7525146824151002;16;;;
FABRICAÇÃO DE INSTRUMENTOS MUSICAIS;13.384.481.759.288.200;-0.1850341991918086;12.075.465.979.485.300;0.07327857364615549;12.009.505.918.348.600;73;;;;
EXTRAÇÃO DE OUTROS MINERAIS NÃO METÁLICOS;12.469.475.397.077.400;-0.17519120844535419;1.560.279.241.444.160;0.7476199260014718;0.4323064770940033;92;;;;
FUNDOS DE INVESTIMENTO;10.942.652.499.861.300;-0.1856769318090135;8.225.069.715.914.170;-0.06549263712792891;0.1635773148913107;451;;;;
REPRODUÇÃO DE MATERIAIS GRAVADOS EM QUALQUER SUPORTE;10.716.678.077.687.200;-0.18567690032006198;0.9662032102936343;0.23373278610369058;1.059.416.809.093.410;60;;;;
OUTROS TRANSPORTES AQUAVIÁRIOS;10.272.002.040.627.200;-0.18115255301410904;26.184.771.719.310.400;0.22072298509362018;0.37717715570339044;149;;;;
PREVIDÊNCIA COMPLEMENTAR;10.109.558.368.144.000;-0.1856769318090135;0.0008296596740221152;1.196.458.060.848.900;0.21057763802035998;8;;;;
PRODUÇÃO FLORESTAL - FLORESTAS NATIVAS;0.9155228177580381;-0.18487675737490278;1.096.157.342.107.810;0.7324418248230563;0.33567968408835774;67;;;;
ATIVIDADES DE INVESTIGAÇÃO PARTICULAR;0.8045737051467707;-0.1856769318090135;0.6134705667980068;-0.054651136286203564;1.703.263.090.022.100;41;;;;
ATIVIDADES LIGADAS AO PATRIMÔNIO CULTURAL E AMBIENTAL;0.7635066118335236;-0.18527985803032893;10.590.275.901.609.000;0.40069189906626085;0.5175451290313563;65;;;;
FABRICAÇÃO DE PILHAS; BATERIAS E ACUMULADORES ELÉTRICOS;0.7521455184883266;-0.155888972489479;0.24217304732892517;0.5676510120288311;1.405.538.240.953.200;21;;;
FABRICAÇÃO DE FIBRAS ARTIFICIAIS E SINTÉTICAS;0.694643017142255;-0.1702855023382144;0.24217304732892517;0.2749304893022469;2.436.266.284.318.880;21;;;;
FABRICAÇÃO DE APARELHOS ELETROMÉDICOS E ELETROTERAPÊUTICOS E EQUIPAMENTOS DE IRRADIAÇÃO;0.6820701264591138;-0.15647846032089904;0.16791354343510884;0.7259369243180211;0.6706526475365054;17;;;;
PRODUÇÃO E DISTRIBUIÇÃO DE COMBUSTÍVEIS GASOSOS POR REDES URBANAS;0.6603021605165209;0.13797525063293725;0.05652428759438436;0.4874239058000636;0.6174868462559391;11;;;;
PESQUISA E DESENVOLVIMENTO EXPERIMENTAL EM CIÊNCIAS SOCIAIS E HUMANAS;0.6105614112524848;-0.1856769318090135;0.9847680862670884;0.13832757869650755;0.6680870080374969;61;;;;
SEGURIDADE SOCIAL OBRIGATÓRIA;0.576876158704728;-0.1856769318090135;-0.14768934811361054;0.910242438627352;;;;;;
ATIVIDADES DE ADMINISTRAÇÃO DE FUNDOS POR CONTRATO OU COMISSÃO;0.5090087486864748;-0.1856769318090135;23.028.742.803.823.200;0.5091069074835143;0.08058571611697529;132;;;;
NAVEGAÇÃO DE APOIO;0.3793806397221179;-0.18527549622238534;0.4463866830369201;0.2836036899756272;0.629616555890021;32;;;;
TRANSPORTE MARÍTIMO DE CABOTAGEM E LONGO CURSO;0.338489914135245;-0.10129929503227163;0.6877300706918231;-0.0004436320775768473;0.6401244616252428;45;;;;
TORREFAÇÃO E MOAGEM DE CAFÉ;0.21474922303939573;-0.1830695027045841;0.650600318744915;0.23590108627203565;0.24887420864518248;43;;;;
ATIVIDADES DE APOIO À EXTRAÇÃO DE MINERAIS; EXCETO PETRÓLEO E GÁS NATURAL;0.20068528354842755;-0.1801428417764662;0.48351643498382824;0.13182267819147234;0.5149885900812238;34;;;
AQÜICULTURA;0.1539404374729556;-0.18528910406420943;14.303.251.096.299.800;0.09712987549795124;0.16926198415257004;85;;;;
PESCA;0.08210628410242508;-0.17913373995861817;0.3721271791431037;0.24023768660872577;0.05643860118113252;28;;;;
SOCIEDADES DE CAPITALIZAÇÃO;0.041680446878140334;-0.1856769318090135;0.05652428759438436;0.14483247920154277;14.599.900.856.390.400;11;;;;
TRANSPORTE DUTOVIÁRIO;0.002500617871490106;-0.18349191260225786;0.03795941162093028;0.15350567987492303;0.8558312474188129;10;;;;
OPERADORAS DE TELEVISÃO POR ASSINATURA;-0.03438522626905255;-0.18381954862804353;0.2236081713554711;-0.01345343308764726;0.7284517129192686;20;;;;
EXTRAÇÃO DE MINERAIS METÁLICOS NÃO FERROSOS;-0.06279295592464144;-0.18297433608041402;0.3164325512227415;0.06894197330946535;0.16192836877341063;25;;;;
FABRICAÇÃO DE PRODUTOS FARMOQUÍMICOS;-0.07401393753998266;-0.18459595926433287;0.0008296596740221152;0.11013967650802166;0.5331646579664433;8;;;;
BANCO CENTRAL;-0.08445539264051799;-0.1856769318090135;-0.14768934811361054;0.24891088728210606;;;;;;
FABRICAÇÃO DE EQUIPAMENTOS E INSTRUMENTOS ÓPTICOS; FOTOGRÁFICOS E CINEMATOGRÁFICOS;-0.08939662729692899;-0.17868813623124297;0.05652428759438436;0.0060612684274583585;1.472.468.633.379.540;11;;;
FABRICAÇÃO DE VEÍCULOS FERROVIÁRIOS;-0.18310812462842635;-0.1848565051380907;-0.11055959616670237;0.11230797667636673;0.2796734254957906;2;;;;
TRENS TURÍSTICOS; TELEFÉRICOS E SIMILARES;-0.18364127256335416;-0.1856583021580605;-0.0734298442197942;0.07544687381450056;12.047.470.636.741.700;4;;;
TELECOMUNICAÇÕES POR SATÉLITE;-0.19758250462977153;-0.15738321331821173;0.05652428759438436;-0.06549263712792891;0.44747748079326494;11;;;;
DESCONTAMINAÇÃO E OUTROS SERVIÇOS DE GESTÃO DE RESÍDUOS;-0.20750168490419754;-0.1856769318090135;0.05652428759438436;-0.06549263712792891;0.772550807647565;11;;;;
FABRICAÇÃO DE AERONAVES;-0.24077746020562352;-0.18465568231374072;0.0008296596740221152;-0.056819436454548636;0.8408972793430483;8;;;;
PRODUÇÃO E DISTRIBUIÇÃO DE VAPOR; ÁGUA QUENTE E AR CONDICIONADO;-0.24376951093349825;-0.18534278489958467;-0.036300092272886046;-0.022126633761027536;11.894.971.008.428.500;6;;;
EXTRAÇÃO DE MINÉRIO DE FERRO;-0.25806328439464904;-0.1856769318090135;-0.017735216299431967;-0.054651136286203564;0.13176921008936288;7;;;;
ATIVIDADES DE APOIO À EXTRAÇÃO DE PETRÓLEO E GÁS NATURAL;-0.26578665952637776;-0.1856769318090135;-0.036300092272886046;-0.043809635444478225;0.10690588278337389;6;;;;
SEGUROS-SAÚDE;-0.2747285092848001;-0.1856769318090135;-0.0734298442197942;-0.015621733255992329;0.5264440950509;4;;;;
PRODUÇÃO DE FERRO-GUSA E DE FERROLIGAS;-0.29182505021257543;-0.17241727037995797;-0.0734298442197942;-0.04597793561282329;0.14705832702126076;4;;;;
ORGANISMOS INTERNACIONAIS E OUTRAS INSTITUIÇÕES EXTRATERRITORIAIS;-0.29694880913833477;-0.1856769318090135;-0.14768934811361054;0.03641747078428932;;;;;;
TRANSPORTE AÉREO DE CARGA;-0.3011518417621165;-0.18174406192949902;-0.0734298442197942;-0.04597793561282329;0.22058749053189117;4;;;;
CAÇA E SERVIÇOS RELACIONADOS;-0.3431642891301907;-0.1856769318090135;-0.0919947201932483;-0.06549263712792891;39.154.279.569.410.600;3;;;;
EXTRAÇÃO DE PETRÓLEO E GÁS NATURAL;-0.34993783872026796;-0.1856769318090135;-0.12912447214015646;-0.03513643477109795;0.013738343708565151;1;;;;
ARRENDAMENTO MERCANTIL;-0.38029404107709885;-0.1856769318090135;-0.12912447214015646;-0.06549263712792891;0.06239725827794531;1;;;;
FABRICAÇÃO DE MÍDIAS VIRGENS; MAGNÉTICAS E ÓPTICAS;-0.3984317455800279;-0.18524976033848847;-0.14768934811361054;-0.06549263712792891;;;;;
COQUERIAS;-0.398858917050553;-0.1856769318090135;-0.14768934811361054;-0.06549263712792891;;;;;;
FABRICAÇÃO DE VEÍCULOS MILITARES DE COMBATE;-0.398858917050553;-0.1856769318090135;-0.14768934811361054;-0.06549263712792891;;;;;;
RESSEGUROS;-0.398858917050553;-0.1856769318090135;-0.14768934811361054;-0.06549263712792891;;;;;;
TRANSPORTE ESPACIAL;-0.398858917050553;-0.1856769318090135;-0.14768934811361054;-0.06549263712792891;;;;;;
